match_set,season,match_date,round,hometeam,awayteam,location,judge_main,judge_sub,maxset,set_num,match_winner,set_winner,match_loser,set_loser,set_length,score_HT,score_AT,home_rot1,home_rot2,home_rot3,home_rot4,home_rot5,home_rot6,home_li1,home_li2,away_rot1,away_rot2,away_rot3,away_rot4,away_rot5,away_rot6,away_li1,away_li2
017_2_1,20202021,20201017,1R,HD,GS,수원,,,,1,,,,,,,,,,,,,,,,,,,,,,,
017_2_2,20202021,20201017,1R,HD,GS,수원,,,,2,,,,,,,,,,,,,,,,,,,,,,,
017_2_3,20202021,20201017,1R,HD,GS,수원,,,,3,,,,,,,,,,,,,,,,,,,,,,,
017_2_4,20202021,20201017,1R,HD,GS,수원,,,,4,,,,,,,,,,,,,,,,,,,,,,,
017_2_5,20202021,20201017,1R,HD,GS,수원,,,,5,,,,,,,,,,,,,,,,,,,,,,,
017_4_1,20202021,20201018,1R,KG,IB,대전,,,,1,,,,,,,,,,,,,,,,,,,,,,,
017_4_2,20202021,20201018,1R,KG,IB,대전,,,,2,,,,,,,,,,,,,,,,,,,,,,,
017_4_3,20202021,20201018,1R,KG,IB,대전,,,,3,,,,,,,,,,,,,,,,,,,,,,,
017_4_4,20202021,20201018,1R,KG,IB,대전,,,,4,,,,,,,,,,,,,,,,,,,,,,,
017_7_1,20202021,20201021,1R,GS,HK,서울,,,,1,,,,,,,,,,,,,,,,,,,,,,,
017_7_2,20202021,20201021,1R,GS,HK,서울,,,,2,,,,,,,,,,,,,,,,,,,,,,,
017_7_3,20202021,20201021,1R,GS,HK,서울,,,,3,,,,,,,,,,,,,,,,,,,,,,,
017_7_4,20202021,20201021,1R,GS,HK,서울,,,,4,,,,,,,,,,,,,,,,,,,,,,,
017_10_1,20202021,20201023,1R,HD,EX,수원,,,,1,,,,,,,,,,,,,,,,,,,,,,,
017_10_2,20202021,20201023,1R,HD,EX,수원,,,,2,,,,,,,,,,,,,,,,,,,,,,,
017_10_3,20202021,20201023,1R,HD,EX,수원,,,,3,,,,,,,,,,,,,,,,,,,,,,,
017_12_1,20202021,20201024,1R,HK,KG,인천,,,,1,,,,,,,,,,,,,,,,,,,,,,,
017_12_2,20202021,20201024,1R,HK,KG,인천,,,,2,,,,,,,,,,,,,,,,,,,,,,,
017_12_3,20202021,20201024,1R,HK,KG,인천,,,,3,,,,,,,,,,,,,,,,,,,,,,,
017_12_4,20202021,20201024,1R,HK,KG,인천,,,,4,,,,,,,,,,,,,,,,,,,,,,,
017_14_1,20202021,20201025,1R,IB,GS,화성,,,,1,,,,,,,,,,,,,,,,,,,,,,,
017_14_2,20202021,20201025,1R,IB,GS,화성,,,,2,,,,,,,,,,,,,,,,,,,,,,,
017_14_3,20202021,20201025,1R,IB,GS,화성,,,,3,,,,,,,,,,,,,,,,,,,,,,,
017_14_4,20202021,20201025,1R,IB,GS,화성,,,,4,,,,,,,,,,,,,,,,,,,,,,,
017_14_5,20202021,20201025,1R,IB,GS,화성,,,,5,,,,,,,,,,,,,,,,,,,,,,,
017_17_1,20202021,20201028,1R,KG,EX,대전,,,,1,,,,,,,,,,,,,,,,,,,,,,,
017_17_2,20202021,20201028,1R,KG,EX,대전,,,,2,,,,,,,,,,,,,,,,,,,,,,,
017_17_3,20202021,20201028,1R,KG,EX,대전,,,,3,,,,,,,,,,,,,,,,,,,,,,,
017_20_1,20202021,20201030,1R,IB,HD,화성,,,,1,,,,,,,,,,,,,,,,,,,,,,,
017_20_2,20202021,20201030,1R,IB,HD,화성,,,,2,,,,,,,,,,,,,,,,,,,,,,,
017_20_3,20202021,20201030,1R,IB,HD,화성,,,,3,,,,,,,,,,,,,,,,,,,,,,,
017_20_4,20202021,20201030,1R,IB,HD,화성,,,,4,,,,,,,,,,,,,,,,,,,,,,,
017_22_1,20202021,20201031,1R,HK,EX,인천,,,,1,,,,,,,,,,,,,,,,,,,,,,,
017_22_2,20202021,20201031,1R,HK,EX,인천,,,,2,,,,,,,,,,,,,,,,,,,,,,,
017_22_3,20202021,20201031,1R,HK,EX,인천,,,,3,,,,,,,,,,,,,,,,,,,,,,,
017_22_4,20202021,20201031,1R,HK,EX,인천,,,,4,,,,,,,,,,,,,,,,,,,,,,,
017_22_5,20202021,20201031,1R,HK,EX,인천,,,,5,,,,,,,,,,,,,,,,,,,,,,,
017_24_1,20202021,20201101,1R,GS,KG,서울,,,,1,,,,,,,,,,,,,,,,,,,,,,,
017_24_2,20202021,20201101,1R,GS,KG,서울,,,,2,,,,,,,,,,,,,,,,,,,,,,,
017_24_3,20202021,20201101,1R,GS,KG,서울,,,,3,,,,,,,,,,,,,,,,,,,,,,,
017_24_4,20202021,20201101,1R,GS,KG,서울,,,,4,,,,,,,,,,,,,,,,,,,,,,,
017_26_1,20202021,20201103,1R,HD,HK,수원,,,,1,,,,,,,,,,,,,,,,,,,,,,,
017_26_2,20202021,20201103,1R,HD,HK,수원,,,,2,,,,,,,,,,,,,,,,,,,,,,,
017_26_3,20202021,20201103,1R,HD,HK,수원,,,,3,,,,,,,,,,,,,,,,,,,,,,,
017_26_4,20202021,20201103,1R,HD,HK,수원,,,,4,,,,,,,,,,,,,,,,,,,,,,,
017_30_1,20202021,20201106,1R,EX,GS,김천,,,,1,,,,,,,,,,,,,,,,,,,,,,,
017_30_2,20202021,20201106,1R,EX,GS,김천,,,,2,,,,,,,,,,,,,,,,,,,,,,,
017_30_3,20202021,20201106,1R,EX,GS,김천,,,,3,,,,,,,,,,,,,,,,,,,,,,,
017_32_1,20202021,20201107,1R,HK,IB,인천,,,,1,,,,,,,,,,,,,,,,,,,,,,,
017_32_2,20202021,20201107,1R,HK,IB,인천,,,,2,,,,,,,,,,,,,,,,,,,,,,,
017_32_3,20202021,20201107,1R,HK,IB,인천,,,,3,,,,,,,,,,,,,,,,,,,,,,,
017_34_1,20202021,20201108,1R,KG,HD,대전,,,,1,,,,,,,,,,,,,,,,,,,,,,,
017_34_2,20202021,20201108,1R,KG,HD,대전,,,,2,,,,,,,,,,,,,,,,,,,,,,,
017_34_3,20202021,20201108,1R,KG,HD,대전,,,,3,,,,,,,,,,,,,,,,,,,,,,,
017_36_1,20202021,20201110,1R,IB,EX,화성,,,,1,,,,,,,,,,,,,,,,,,,,,,,
017_36_2,20202021,20201110,1R,IB,EX,화성,,,,2,,,,,,,,,,,,,,,,,,,,,,,
017_36_3,20202021,20201110,1R,IB,EX,화성,,,,3,,,,,,,,,,,,,,,,,,,,,,,
017_36_4,20202021,20201110,1R,IB,EX,화성,,,,4,,,,,,,,,,,,,,,,,,,,,,,
017_38_1,20202021,20201111,2R,GS,HK,서울,,,,1,,,,,,,,,,,,,,,,,,,,,,,
017_38_2,20202021,20201111,2R,GS,HK,서울,,,,2,,,,,,,,,,,,,,,,,,,,,,,
017_38_3,20202021,20201111,2R,GS,HK,서울,,,,3,,,,,,,,,,,,,,,,,,,,,,,
017_38_4,20202021,20201111,2R,GS,HK,서울,,,,4,,,,,,,,,,,,,,,,,,,,,,,
017_38_5,20202021,20201111,2R,GS,HK,서울,,,,5,,,,,,,,,,,,,,,,,,,,,,,
017_41_1,20202021,20201113,2R,IB,KG,화성,,,,1,,,,,,,,,,,,,,,,,,,,,,,
017_41_2,20202021,20201113,2R,IB,KG,화성,,,,2,,,,,,,,,,,,,,,,,,,,,,,
017_41_3,20202021,20201113,2R,IB,KG,화성,,,,3,,,,,,,,,,,,,,,,,,,,,,,
017_41_4,20202021,20201113,2R,IB,KG,화성,,,,4,,,,,,,,,,,,,,,,,,,,,,,
017_41_5,20202021,20201113,2R,IB,KG,화성,,,,5,,,,,,,,,,,,,,,,,,,,,,,
017_43_1,20202021,20201114,2R,GS,HD,서울,,,,1,,,,,,,,,,,,,,,,,,,,,,,
017_43_2,20202021,20201114,2R,GS,HD,서울,,,,2,,,,,,,,,,,,,,,,,,,,,,,
017_43_3,20202021,20201114,2R,GS,HD,서울,,,,3,,,,,,,,,,,,,,,,,,,,,,,
017_45_1,20202021,20201115,2R,EX,HK,김천,,,,1,,,,,,,,,,,,,,,,,,,,,,,
017_45_2,20202021,20201115,2R,EX,HK,김천,,,,2,,,,,,,,,,,,,,,,,,,,,,,
017_45_3,20202021,20201115,2R,EX,HK,김천,,,,3,,,,,,,,,,,,,,,,,,,,,,,
017_45_4,20202021,20201115,2R,EX,HK,김천,,,,4,,,,,,,,,,,,,,,,,,,,,,,
017_47_1,20202021,20201117,2R,HD,IB,수원,,,,1,,,,,,,,,,,,,,,,,,,,,,,
017_47_2,20202021,20201117,2R,HD,IB,수원,,,,2,,,,,,,,,,,,,,,,,,,,,,,
017_47_3,20202021,20201117,2R,HD,IB,수원,,,,3,,,,,,,,,,,,,,,,,,,,,,,
017_47_4,20202021,20201117,2R,HD,IB,수원,,,,4,,,,,,,,,,,,,,,,,,,,,,,
017_51_1,20202021,20201120,2R,KG,EX,대전,,,,1,,,,,,,,,,,,,,,,,,,,,,,
017_51_2,20202021,20201120,2R,KG,EX,대전,,,,2,,,,,,,,,,,,,,,,,,,,,,,
017_51_3,20202021,20201120,2R,KG,EX,대전,,,,3,,,,,,,,,,,,,,,,,,,,,,,
017_53_1,20202021,20201121,2R,GS,IB,서울,,,,1,,,,,,,,,,,,,,,,,,,,,,,
017_53_2,20202021,20201121,2R,GS,IB,서울,,,,2,,,,,,,,,,,,,,,,,,,,,,,
017_53_3,20202021,20201121,2R,GS,IB,서울,,,,3,,,,,,,,,,,,,,,,,,,,,,,
017_55_1,20202021,20201122,2R,HK,HD,인천,,,,1,,,,,,,,,,,,,,,,,,,,,,,
017_55_2,20202021,20201122,2R,HK,HD,인천,,,,2,,,,,,,,,,,,,,,,,,,,,,,
017_55_3,20202021,20201122,2R,HK,HD,인천,,,,3,,,,,,,,,,,,,,,,,,,,,,,
017_57_1,20202021,20201124,2R,KG,GS,대전,,,,1,,,,,,,,,,,,,,,,,,,,,,,
017_57_2,20202021,20201124,2R,KG,GS,대전,,,,2,,,,,,,,,,,,,,,,,,,,,,,
017_57_3,20202021,20201124,2R,KG,GS,대전,,,,3,,,,,,,,,,,,,,,,,,,,,,,
017_57_4,20202021,20201124,2R,KG,GS,대전,,,,4,,,,,,,,,,,,,,,,,,,,,,,
017_57_5,20202021,20201124,2R,KG,GS,대전,,,,5,,,,,,,,,,,,,,,,,,,,,,,
017_61_1,20202021,20201127,2R,IB,HK,화성,,,,1,,,,,,,,,,,,,,,,,,,,,,,
017_61_2,20202021,20201127,2R,IB,HK,화성,,,,2,,,,,,,,,,,,,,,,,,,,,,,
017_61_3,20202021,20201127,2R,IB,HK,화성,,,,3,,,,,,,,,,,,,,,,,,,,,,,
017_63_1,20202021,20201128,2R,GS,EX,서울,,,,1,,,,,,,,,,,,,,,,,,,,,,,
017_63_2,20202021,20201128,2R,GS,EX,서울,,,,2,,,,,,,,,,,,,,,,,,,,,,,
017_63_3,20202021,20201128,2R,GS,EX,서울,,,,3,,,,,,,,,,,,,,,,,,,,,,,
017_63_4,20202021,20201128,2R,GS,EX,서울,,,,4,,,,,,,,,,,,,,,,,,,,,,,
017_65_1,20202021,20201129,2R,HD,KG,수원,,,,1,,,,,,,,,,,,,,,,,,,,,,,
017_65_2,20202021,20201129,2R,HD,KG,수원,,,,2,,,,,,,,,,,,,,,,,,,,,,,
017_65_3,20202021,20201129,2R,HD,KG,수원,,,,3,,,,,,,,,,,,,,,,,,,,,,,
017_67_1,20202021,20201201,2R,EX,IB,김천,,,,1,,,,,,,,,,,,,,,,,,,,,,,
017_67_2,20202021,20201201,2R,EX,IB,김천,,,,2,,,,,,,,,,,,,,,,,,,,,,,
017_67_3,20202021,20201201,2R,EX,IB,김천,,,,3,,,,,,,,,,,,,,,,,,,,,,,
017_67_4,20202021,20201201,2R,EX,IB,김천,,,,4,,,,,,,,,,,,,,,,,,,,,,,
017_67_5,20202021,20201201,2R,EX,IB,김천,,,,5,,,,,,,,,,,,,,,,,,,,,,,
017_69_1,20202021,20201202,2R,HK,KG,인천,,,,1,,,,,,,,,,,,,,,,,,,,,,,
017_69_2,20202021,20201202,2R,HK,KG,인천,,,,2,,,,,,,,,,,,,,,,,,,,,,,
017_69_3,20202021,20201202,2R,HK,KG,인천,,,,3,,,,,,,,,,,,,,,,,,,,,,,
017_69_4,20202021,20201202,2R,HK,KG,인천,,,,4,,,,,,,,,,,,,,,,,,,,,,,
017_72_1,20202021,20201204,2R,EX,HD,김천,,,,1,,,,,,,,,,,,,,,,,,,,,,,
017_72_2,20202021,20201204,2R,EX,HD,김천,,,,2,,,,,,,,,,,,,,,,,,,,,,,
017_72_3,20202021,20201204,2R,EX,HD,김천,,,,3,,,,,,,,,,,,,,,,,,,,,,,
017_72_4,20202021,20201204,2R,EX,HD,김천,,,,4,,,,,,,,,,,,,,,,,,,,,,,
017_74_1,20202021,20201205,3R,HK,GS,인천,,,,1,,,,,,,,,,,,,,,,,,,,,,,
017_74_2,20202021,20201205,3R,HK,GS,인천,,,,2,,,,,,,,,,,,,,,,,,,,,,,
017_74_3,20202021,20201205,3R,HK,GS,인천,,,,3,,,,,,,,,,,,,,,,,,,,,,,
017_74_4,20202021,20201205,3R,HK,GS,인천,,,,4,,,,,,,,,,,,,,,,,,,,,,,
017_74_5,20202021,20201205,3R,HK,GS,인천,,,,5,,,,,,,,,,,,,,,,,,,,,,,
017_76_1,20202021,20201206,3R,KG,IB,대전,,,,1,,,,,,,,,,,,,,,,,,,,,,,
017_76_2,20202021,20201206,3R,KG,IB,대전,,,,2,,,,,,,,,,,,,,,,,,,,,,,
017_76_3,20202021,20201206,3R,KG,IB,대전,,,,3,,,,,,,,,,,,,,,,,,,,,,,
017_78_1,20202021,20201208,3R,EX,HD,김천,,,,1,,,,,,,,,,,,,,,,,,,,,,,
017_78_2,20202021,20201208,3R,EX,HD,김천,,,,2,,,,,,,,,,,,,,,,,,,,,,,
017_78_3,20202021,20201208,3R,EX,HD,김천,,,,3,,,,,,,,,,,,,,,,,,,,,,,
017_78_4,20202021,20201208,3R,EX,HD,김천,,,,4,,,,,,,,,,,,,,,,,,,,,,,
017_78_5,20202021,20201208,3R,EX,HD,김천,,,,5,,,,,,,,,,,,,,,,,,,,,,,
017_82_1,20202021,20201211,3R,IB,GS,화성,,,,1,,,,,,,,,,,,,,,,,,,,,,,
017_82_2,20202021,20201211,3R,IB,GS,화성,,,,2,,,,,,,,,,,,,,,,,,,,,,,
017_82_3,20202021,20201211,3R,IB,GS,화성,,,,3,,,,,,,,,,,,,,,,,,,,,,,
017_82_4,20202021,20201211,3R,IB,GS,화성,,,,4,,,,,,,,,,,,,,,,,,,,,,,
017_84_1,20202021,20201212,3R,KG,HD,대전,,,,1,,,,,,,,,,,,,,,,,,,,,,,
017_84_2,20202021,20201212,3R,KG,HD,대전,,,,2,,,,,,,,,,,,,,,,,,,,,,,
017_84_3,20202021,20201212,3R,KG,HD,대전,,,,3,,,,,,,,,,,,,,,,,,,,,,,
017_84_4,20202021,20201212,3R,KG,HD,대전,,,,4,,,,,,,,,,,,,,,,,,,,,,,
017_86_1,20202021,20201213,3R,HK,EX,인천,,,,1,,,,,,,,,,,,,,,,,,,,,,,
017_86_2,20202021,20201213,3R,HK,EX,인천,,,,2,,,,,,,,,,,,,,,,,,,,,,,
017_86_3,20202021,20201213,3R,HK,EX,인천,,,,3,,,,,,,,,,,,,,,,,,,,,,,
017_89_1,20202021,20201216,3R,GS,KG,서울,,,,1,,,,,,,,,,,,,,,,,,,,,,,
017_89_2,20202021,20201216,3R,GS,KG,서울,,,,2,,,,,,,,,,,,,,,,,,,,,,,
017_89_3,20202021,20201216,3R,GS,KG,서울,,,,3,,,,,,,,,,,,,,,,,,,,,,,
017_89_4,20202021,20201216,3R,GS,KG,서울,,,,4,,,,,,,,,,,,,,,,,,,,,,,
017_92_1,20202021,20201218,3R,HK,IB,인천,,,,1,,,,,,,,,,,,,,,,,,,,,,,
017_92_2,20202021,20201218,3R,HK,IB,인천,,,,2,,,,,,,,,,,,,,,,,,,,,,,
017_92_3,20202021,20201218,3R,HK,IB,인천,,,,3,,,,,,,,,,,,,,,,,,,,,,,
017_94_1,20202021,20201219,3R,HD,GS,수원,,,,1,,,,,,,,,,,,,,,,,,,,,,,
017_94_2,20202021,20201219,3R,HD,GS,수원,,,,2,,,,,,,,,,,,,,,,,,,,,,,
017_94_3,20202021,20201219,3R,HD,GS,수원,,,,3,,,,,,,,,,,,,,,,,,,,,,,
017_94_4,20202021,20201219,3R,HD,GS,수원,,,,4,,,,,,,,,,,,,,,,,,,,,,,
017_96_1,20202021,20201220,3R,EX,KG,김천,,,,1,,,,,,,,,,,,,,,,,,,,,,,
017_96_2,20202021,20201220,3R,EX,KG,김천,,,,2,,,,,,,,,,,,,,,,,,,,,,,
017_96_3,20202021,20201220,3R,EX,KG,김천,,,,3,,,,,,,,,,,,,,,,,,,,,,,
017_96_4,20202021,20201220,3R,EX,KG,김천,,,,4,,,,,,,,,,,,,,,,,,,,,,,
017_96_5,20202021,20201220,3R,EX,KG,김천,,,,5,,,,,,,,,,,,,,,,,,,,,,,
017_99_1,20202021,20201223,3R,IB,EX,화성,,,,1,,,,,,,,,,,,,,,,,,,,,,,
017_99_2,20202021,20201223,3R,IB,EX,화성,,,,2,,,,,,,,,,,,,,,,,,,,,,,
017_99_3,20202021,20201223,3R,IB,EX,화성,,,,3,,,,,,,,,,,,,,,,,,,,,,,
017_99_4,20202021,20201223,3R,IB,EX,화성,,,,4,,,,,,,,,,,,,,,,,,,,,,,
017_99_5,20202021,20201223,3R,IB,EX,화성,,,,5,,,,,,,,,,,,,,,,,,,,,,,
017_102_1,20202021,20201225,3R,KG,HK,대전,,,,1,,,,,,,,,,,,,,,,,,,,,,,
017_102_2,20202021,20201225,3R,KG,HK,대전,,,,2,,,,,,,,,,,,,,,,,,,,,,,
017_102_3,20202021,20201225,3R,KG,HK,대전,,,,3,,,,,,,,,,,,,,,,,,,,,,,
017_102_4,20202021,20201225,3R,KG,HK,대전,,,,4,,,,,,,,,,,,,,,,,,,,,,,
017_102_5,20202021,20201225,3R,KG,HK,대전,,,,5,,,,,,,,,,,,,,,,,,,,,,,
017_104_1,20202021,20201226,3R,IB,HD,화성,,,,1,,,,,,,,,,,,,,,,,,,,,,,
017_104_2,20202021,20201226,3R,IB,HD,화성,,,,2,,,,,,,,,,,,,,,,,,,,,,,
017_104_3,20202021,20201226,3R,IB,HD,화성,,,,3,,,,,,,,,,,,,,,,,,,,,,,
017_104_4,20202021,20201226,3R,IB,HD,화성,,,,4,,,,,,,,,,,,,,,,,,,,,,,
017_106_1,20202021,20201227,3R,EX,GS,김천,,,,1,,,,,,,,,,,,,,,,,,,,,,,
017_106_2,20202021,20201227,3R,EX,GS,김천,,,,2,,,,,,,,,,,,,,,,,,,,,,,
017_106_3,20202021,20201227,3R,EX,GS,김천,,,,3,,,,,,,,,,,,,,,,,,,,,,,
017_106_4,20202021,20201227,3R,EX,GS,김천,,,,4,,,,,,,,,,,,,,,,,,,,,,,
017_106_5,20202021,20201227,3R,EX,GS,김천,,,,5,,,,,,,,,,,,,,,,,,,,,,,
017_108_1,20202021,20201229,3R,HD,HK,수원,,,,1,,,,,,,,,,,,,,,,,,,,,,,
017_108_2,20202021,20201229,3R,HD,HK,수원,,,,2,,,,,,,,,,,,,,,,,,,,,,,
017_108_3,20202021,20201229,3R,HD,HK,수원,,,,3,,,,,,,,,,,,,,,,,,,,,,,
017_108_4,20202021,20201229,3R,HD,HK,수원,,,,4,,,,,,,,,,,,,,,,,,,,,,,
017_108_5,20202021,20201229,3R,HD,HK,수원,,,,5,,,,,,,,,,,,,,,,,,,,,,,
017_110_1,20202021,20201230,4R,IB,GS,화성,,,,1,,,,,,,,,,,,,,,,,,,,,,,
017_110_2,20202021,20201230,4R,IB,GS,화성,,,,2,,,,,,,,,,,,,,,,,,,,,,,
017_110_3,20202021,20201230,4R,IB,GS,화성,,,,3,,,,,,,,,,,,,,,,,,,,,,,
017_110_4,20202021,20201230,4R,IB,GS,화성,,,,4,,,,,,,,,,,,,,,,,,,,,,,
017_113_1,20202021,20210101,4R,HD,KG,수원,,,,1,,,,,,,,,,,,,,,,,,,,,,,
017_113_2,20202021,20210101,4R,HD,KG,수원,,,,2,,,,,,,,,,,,,,,,,,,,,,,
017_113_3,20202021,20210101,4R,HD,KG,수원,,,,3,,,,,,,,,,,,,,,,,,,,,,,
017_115_1,20202021,20210105,4R,EX,KG,김천,,,,1,,,,,,,,,,,,,,,,,,,,,,,
017_115_2,20202021,20210105,4R,EX,KG,김천,,,,2,,,,,,,,,,,,,,,,,,,,,,,
017_115_3,20202021,20210105,4R,EX,KG,김천,,,,3,,,,,,,,,,,,,,,,,,,,,,,
017_115_4,20202021,20210105,4R,EX,KG,김천,,,,4,,,,,,,,,,,,,,,,,,,,,,,
017_119_1,20202021,20210108,4R,HK,HD,인천,,,,1,,,,,,,,,,,,,,,,,,,,,,,
017_119_2,20202021,20210108,4R,HK,HD,인천,,,,2,,,,,,,,,,,,,,,,,,,,,,,
017_119_3,20202021,20210108,4R,HK,HD,인천,,,,3,,,,,,,,,,,,,,,,,,,,,,,
017_121_1,20202021,20210109,4R,IB,KG,화성,,,,1,,,,,,,,,,,,,,,,,,,,,,,
017_121_2,20202021,20210109,4R,IB,KG,화성,,,,2,,,,,,,,,,,,,,,,,,,,,,,
017_121_3,20202021,20210109,4R,IB,KG,화성,,,,3,,,,,,,,,,,,,,,,,,,,,,,
017_123_1,20202021,20210110,4R,GS,EX,서울,,,,1,,,,,,,,,,,,,,,,,,,,,,,
017_123_2,20202021,20210110,4R,GS,EX,서울,,,,2,,,,,,,,,,,,,,,,,,,,,,,
017_123_3,20202021,20210110,4R,GS,EX,서울,,,,3,,,,,,,,,,,,,,,,,,,,,,,
017_125_1,20202021,20210112,4R,HD,IB,수원,,,,1,,,,,,,,,,,,,,,,,,,,,,,
017_125_2,20202021,20210112,4R,HD,IB,수원,,,,2,,,,,,,,,,,,,,,,,,,,,,,
017_125_3,20202021,20210112,4R,HD,IB,수원,,,,3,,,,,,,,,,,,,,,,,,,,,,,
017_125_4,20202021,20210112,4R,HD,IB,수원,,,,4,,,,,,,,,,,,,,,,,,,,,,,
017_125_5,20202021,20210112,4R,HD,IB,수원,,,,5,,,,,,,,,,,,,,,,,,,,,,,
017_127_1,20202021,20210113,4R,EX,HK,김천,,,,1,,,,,,,,,,,,,,,,,,,,,,,
017_127_2,20202021,20210113,4R,EX,HK,김천,,,,2,,,,,,,,,,,,,,,,,,,,,,,
017_127_3,20202021,20210113,4R,EX,HK,김천,,,,3,,,,,,,,,,,,,,,,,,,,,,,
017_127_4,20202021,20210113,4R,EX,HK,김천,,,,4,,,,,,,,,,,,,,,,,,,,,,,
017_127_5,20202021,20210113,4R,EX,HK,김천,,,,5,,,,,,,,,,,,,,,,,,,,,,,
017_130_1,20202021,20210115,4R,KG,GS,대전,,,,1,,,,,,,,,,,,,,,,,,,,,,,
017_130_2,20202021,20210115,4R,KG,GS,대전,,,,2,,,,,,,,,,,,,,,,,,,,,,,
017_130_3,20202021,20210115,4R,KG,GS,대전,,,,3,,,,,,,,,,,,,,,,,,,,,,,
017_130_4,20202021,20210115,4R,KG,GS,대전,,,,4,,,,,,,,,,,,,,,,,,,,,,,
017_132_1,20202021,20210116,4R,HD,EX,수원,,,,1,,,,,,,,,,,,,,,,,,,,,,,
017_132_2,20202021,20210116,4R,HD,EX,수원,,,,2,,,,,,,,,,,,,,,,,,,,,,,
017_132_3,20202021,20210116,4R,HD,EX,수원,,,,3,,,,,,,,,,,,,,,,,,,,,,,
017_132_4,20202021,20210116,4R,HD,EX,수원,,,,4,,,,,,,,,,,,,,,,,,,,,,,
017_134_1,20202021,20210117,4R,IB,HK,화성,,,,1,,,,,,,,,,,,,,,,,,,,,,,
017_134_2,20202021,20210117,4R,IB,HK,화성,,,,2,,,,,,,,,,,,,,,,,,,,,,,
017_134_3,20202021,20210117,4R,IB,HK,화성,,,,3,,,,,,,,,,,,,,,,,,,,,,,
017_137_1,20202021,20210120,4R,KG,HK,대전,,,,1,,,,,,,,,,,,,,,,,,,,,,,
017_137_2,20202021,20210120,4R,KG,HK,대전,,,,2,,,,,,,,,,,,,,,,,,,,,,,
017_137_3,20202021,20210120,4R,KG,HK,대전,,,,3,,,,,,,,,,,,,,,,,,,,,,,
017_140_1,20202021,20210122,4R,GS,HD,서울,,,,1,,,,,,,,,,,,,,,,,,,,,,,
017_140_2,20202021,20210122,4R,GS,HD,서울,,,,2,,,,,,,,,,,,,,,,,,,,,,,
017_140_3,20202021,20210122,4R,GS,HD,서울,,,,3,,,,,,,,,,,,,,,,,,,,,,,
017_140_4,20202021,20210122,4R,GS,HD,서울,,,,4,,,,,,,,,,,,,,,,,,,,,,,
017_142_1,20202021,20210123,4R,EX,IB,김천,,,,1,,,,,,,,,,,,,,,,,,,,,,,
017_142_2,20202021,20210123,4R,EX,IB,김천,,,,2,,,,,,,,,,,,,,,,,,,,,,,
017_142_3,20202021,20210123,4R,EX,IB,김천,,,,3,,,,,,,,,,,,,,,,,,,,,,,
017_144_1,20202021,20210126,4R,HK,GS,인천,,,,1,,,,,,,,,,,,,,,,,,,,,,,
017_144_2,20202021,20210126,4R,HK,GS,인천,,,,2,,,,,,,,,,,,,,,,,,,,,,,
017_144_3,20202021,20210126,4R,HK,GS,인천,,,,3,,,,,,,,,,,,,,,,,,,,,,,
017_144_4,20202021,20210126,4R,HK,GS,인천,,,,4,,,,,,,,,,,,,,,,,,,,,,,
017_146_1,20202021,20210127,5R,EX,HD,김천,,,,1,,,,,,,,,,,,,,,,,,,,,,,
017_146_2,20202021,20210127,5R,EX,HD,김천,,,,2,,,,,,,,,,,,,,,,,,,,,,,
017_146_3,20202021,20210127,5R,EX,HD,김천,,,,3,,,,,,,,,,,,,,,,,,,,,,,
017_149_1,20202021,20210129,5R,GS,IB,서울,,,,1,,,,,,,,,,,,,,,,,,,,,,,
017_149_2,20202021,20210129,5R,GS,IB,서울,,,,2,,,,,,,,,,,,,,,,,,,,,,,
017_149_3,20202021,20210129,5R,GS,IB,서울,,,,3,,,,,,,,,,,,,,,,,,,,,,,
017_149_4,20202021,20210129,5R,GS,IB,서울,,,,4,,,,,,,,,,,,,,,,,,,,,,,
017_149_5,20202021,20210129,5R,GS,IB,서울,,,,5,,,,,,,,,,,,,,,,,,,,,,,
017_151_1,20202021,20210130,5R,EX,KG,김천,,,,1,,,,,,,,,,,,,,,,,,,,,,,
017_151_2,20202021,20210130,5R,EX,KG,김천,,,,2,,,,,,,,,,,,,,,,,,,,,,,
017_151_3,20202021,20210130,5R,EX,KG,김천,,,,3,,,,,,,,,,,,,,,,,,,,,,,
017_151_4,20202021,20210130,5R,EX,KG,김천,,,,4,,,,,,,,,,,,,,,,,,,,,,,
017_151_5,20202021,20210130,5R,EX,KG,김천,,,,5,,,,,,,,,,,,,,,,,,,,,,,
017_153_1,20202021,20210131,5R,HD,HK,수원,,,,1,,,,,,,,,,,,,,,,,,,,,,,
017_153_2,20202021,20210131,5R,HD,HK,수원,,,,2,,,,,,,,,,,,,,,,,,,,,,,
017_153_3,20202021,20210131,5R,HD,HK,수원,,,,3,,,,,,,,,,,,,,,,,,,,,,,
017_153_4,20202021,20210131,5R,HD,HK,수원,,,,4,,,,,,,,,,,,,,,,,,,,,,,
017_153_5,20202021,20210131,5R,HD,HK,수원,,,,5,,,,,,,,,,,,,,,,,,,,,,,
017_156_1,20202021,20210203,5R,KG,IB,대전,,,,1,,,,,,,,,,,,,,,,,,,,,,,
017_156_2,20202021,20210203,5R,KG,IB,대전,,,,2,,,,,,,,,,,,,,,,,,,,,,,
017_156_3,20202021,20210203,5R,KG,IB,대전,,,,3,,,,,,,,,,,,,,,,,,,,,,,
017_159_1,20202021,20210205,5R,HK,GS,인천,,,,1,,,,,,,,,,,,,,,,,,,,,,,
017_159_2,20202021,20210205,5R,HK,GS,인천,,,,2,,,,,,,,,,,,,,,,,,,,,,,
017_159_3,20202021,20210205,5R,HK,GS,인천,,,,3,,,,,,,,,,,,,,,,,,,,,,,
017_161_1,20202021,20210206,5R,KG,HD,대전,,,,1,,,,,,,,,,,,,,,,,,,,,,,
017_161_2,20202021,20210206,5R,KG,HD,대전,,,,2,,,,,,,,,,,,,,,,,,,,,,,
017_161_3,20202021,20210206,5R,KG,HD,대전,,,,3,,,,,,,,,,,,,,,,,,,,,,,
017_161_4,20202021,20210206,5R,KG,HD,대전,,,,4,,,,,,,,,,,,,,,,,,,,,,,
017_161_5,20202021,20210206,5R,KG,HD,대전,,,,5,,,,,,,,,,,,,,,,,,,,,,,
017_163_1,20202021,20210207,5R,IB,EX,화성,,,,1,,,,,,,,,,,,,,,,,,,,,,,
017_163_2,20202021,20210207,5R,IB,EX,화성,,,,2,,,,,,,,,,,,,,,,,,,,,,,
017_163_3,20202021,20210207,5R,IB,EX,화성,,,,3,,,,,,,,,,,,,,,,,,,,,,,
017_163_4,20202021,20210207,5R,IB,EX,화성,,,,4,,,,,,,,,,,,,,,,,,,,,,,
017_163_5,20202021,20210207,5R,IB,EX,화성,,,,5,,,,,,,,,,,,,,,,,,,,,,,
017_165_1,20202021,20210209,5R,HD,GS,수원,,,,1,,,,,,,,,,,,,,,,,,,,,,,
017_165_2,20202021,20210209,5R,HD,GS,수원,,,,2,,,,,,,,,,,,,,,,,,,,,,,
017_165_3,20202021,20210209,5R,HD,GS,수원,,,,3,,,,,,,,,,,,,,,,,,,,,,,
017_165_4,20202021,20210209,5R,HD,GS,수원,,,,4,,,,,,,,,,,,,,,,,,,,,,,
017_165_5,20202021,20210209,5R,HD,GS,수원,,,,5,,,,,,,,,,,,,,,,,,,,,,,
017_168_1,20202021,20210211,5R,EX,HK,김천,,,,1,,,,,,,,,,,,,,,,,,,,,,,
017_168_2,20202021,20210211,5R,EX,HK,김천,,,,2,,,,,,,,,,,,,,,,,,,,,,,
017_168_3,20202021,20210211,5R,EX,HK,김천,,,,3,,,,,,,,,,,,,,,,,,,,,,,
017_170_1,20202021,20210213,5R,IB,HD,화성,,,,1,,,,,,,,,,,,,,,,,,,,,,,
017_170_2,20202021,20210213,5R,IB,HD,화성,,,,2,,,,,,,,,,,,,,,,,,,,,,,
017_170_3,20202021,20210213,5R,IB,HD,화성,,,,3,,,,,,,,,,,,,,,,,,,,,,,
017_170_4,20202021,20210213,5R,IB,HD,화성,,,,4,,,,,,,,,,,,,,,,,,,,,,,
017_172_1,20202021,20210214,5R,GS,KG,서울,,,,1,,,,,,,,,,,,,,,,,,,,,,,
017_172_2,20202021,20210214,5R,GS,KG,서울,,,,2,,,,,,,,,,,,,,,,,,,,,,,
017_172_3,20202021,20210214,5R,GS,KG,서울,,,,3,,,,,,,,,,,,,,,,,,,,,,,
017_174_1,20202021,20210216,5R,HK,IB,인천,,,,1,,,,,,,,,,,,,,,,,,,,,,,
017_174_2,20202021,20210216,5R,HK,IB,인천,,,,2,,,,,,,,,,,,,,,,,,,,,,,
017_174_3,20202021,20210216,5R,HK,IB,인천,,,,3,,,,,,,,,,,,,,,,,,,,,,,
017_176_1,20202021,20210217,5R,EX,GS,김천,,,,1,,,,,,,,,,,,,,,,,,,,,,,
017_176_2,20202021,20210217,5R,EX,GS,김천,,,,2,,,,,,,,,,,,,,,,,,,,,,,
017_176_3,20202021,20210217,5R,EX,GS,김천,,,,3,,,,,,,,,,,,,,,,,,,,,,,
017_179_1,20202021,20210219,5R,HK,KG,인천,,,,1,,,,,,,,,,,,,,,,,,,,,,,
017_179_2,20202021,20210219,5R,HK,KG,인천,,,,2,,,,,,,,,,,,,,,,,,,,,,,
017_179_3,20202021,20210219,5R,HK,KG,인천,,,,3,,,,,,,,,,,,,,,,,,,,,,,
017_179_4,20202021,20210219,5R,HK,KG,인천,,,,4,,,,,,,,,,,,,,,,,,,,,,,
017_181_1,20202021,20210220,6R,HD,IB,수원,,,,1,,,,,,,,,,,,,,,,,,,,,,,
017_181_2,20202021,20210220,6R,HD,IB,수원,,,,2,,,,,,,,,,,,,,,,,,,,,,,
017_181_3,20202021,20210220,6R,HD,IB,수원,,,,3,,,,,,,,,,,,,,,,,,,,,,,
017_181_4,20202021,20210220,6R,HD,IB,수원,,,,4,,,,,,,,,,,,,,,,,,,,,,,
017_181_5,20202021,20210220,6R,HD,IB,수원,,,,5,,,,,,,,,,,,,,,,,,,,,,,
017_183_1,20202021,20210221,6R,GS,EX,서울,,,,1,,,,,,,,,,,,,,,,,,,,,,,
017_183_2,20202021,20210221,6R,GS,EX,서울,,,,2,,,,,,,,,,,,,,,,,,,,,,,
017_183_3,20202021,20210221,6R,GS,EX,서울,,,,3,,,,,,,,,,,,,,,,,,,,,,,
017_183_4,20202021,20210221,6R,GS,EX,서울,,,,4,,,,,,,,,,,,,,,,,,,,,,,
017_183_5,20202021,20210221,6R,GS,EX,서울,,,,5,,,,,,,,,,,,,,,,,,,,,,,
017_184_1,20202021,20210224,6R,IB,HK,화성,,,,1,,,,,,,,,,,,,,,,,,,,,,,
017_184_2,20202021,20210224,6R,IB,HK,화성,,,,2,,,,,,,,,,,,,,,,,,,,,,,
017_184_3,20202021,20210224,6R,IB,HK,화성,,,,3,,,,,,,,,,,,,,,,,,,,,,,
017_185_1,20202021,20210226,6R,HD,KG,수원,,,,1,,,,,,,,,,,,,,,,,,,,,,,
017_185_2,20202021,20210226,6R,HD,KG,수원,,,,2,,,,,,,,,,,,,,,,,,,,,,,
017_185_3,20202021,20210226,6R,HD,KG,수원,,,,3,,,,,,,,,,,,,,,,,,,,,,,
017_185_4,20202021,20210226,6R,HD,KG,수원,,,,4,,,,,,,,,,,,,,,,,,,,,,,
017_185_5,20202021,20210226,6R,HD,KG,수원,,,,5,,,,,,,,,,,,,,,,,,,,,,,
017_186_1,20202021,20210227,6R,EX,IB,김천,,,,1,,,,,,,,,,,,,,,,,,,,,,,
017_186_2,20202021,20210227,6R,EX,IB,김천,,,,2,,,,,,,,,,,,,,,,,,,,,,,
017_186_3,20202021,20210227,6R,EX,IB,김천,,,,3,,,,,,,,,,,,,,,,,,,,,,,
017_186_4,20202021,20210227,6R,EX,IB,김천,,,,4,,,,,,,,,,,,,,,,,,,,,,,
017_186_5,20202021,20210227,6R,EX,IB,김천,,,,5,,,,,,,,,,,,,,,,,,,,,,,
017_187_1,20202021,20210228,6R,GS,HK,서울,,,,1,,,,,,,,,,,,,,,,,,,,,,,
017_187_2,20202021,20210228,6R,GS,HK,서울,,,,2,,,,,,,,,,,,,,,,,,,,,,,
017_187_3,20202021,20210228,6R,GS,HK,서울,,,,3,,,,,,,,,,,,,,,,,,,,,,,
017_187_4,20202021,20210228,6R,GS,HK,서울,,,,4,,,,,,,,,,,,,,,,,,,,,,,
017_188_1,20202021,20210303,6R,KG,EX,대전,,,,1,,,,,,,,,,,,,,,,,,,,,,,
017_188_2,20202021,20210303,6R,KG,EX,대전,,,,2,,,,,,,,,,,,,,,,,,,,,,,
017_188_3,20202021,20210303,6R,KG,EX,대전,,,,3,,,,,,,,,,,,,,,,,,,,,,,
017_188_4,20202021,20210303,6R,KG,EX,대전,,,,4,,,,,,,,,,,,,,,,,,,,,,,
017_189_1,20202021,20210305,6R,GS,HD,서울,,,,1,,,,,,,,,,,,,,,,,,,,,,,
017_189_2,20202021,20210305,6R,GS,HD,서울,,,,2,,,,,,,,,,,,,,,,,,,,,,,
017_189_3,20202021,20210305,6R,GS,HD,서울,,,,3,,,,,,,,,,,,,,,,,,,,,,,
017_189_4,20202021,20210305,6R,GS,HD,서울,,,,4,,,,,,,,,,,,,,,,,,,,,,,
017_189_5,20202021,20210305,6R,GS,HD,서울,,,,5,,,,,,,,,,,,,,,,,,,,,,,
017_190_1,20202021,20210306,6R,HK,EX,인천,,,,1,,,,,,,,,,,,,,,,,,,,,,,
017_190_2,20202021,20210306,6R,HK,EX,인천,,,,2,,,,,,,,,,,,,,,,,,,,,,,
017_190_3,20202021,20210306,6R,HK,EX,인천,,,,3,,,,,,,,,,,,,,,,,,,,,,,
017_190_4,20202021,20210306,6R,HK,EX,인천,,,,4,,,,,,,,,,,,,,,,,,,,,,,
017_191_1,20202021,20210307,6R,IB,KG,화성,,,,1,,,,,,,,,,,,,,,,,,,,,,,
017_191_2,20202021,20210307,6R,IB,KG,화성,,,,2,,,,,,,,,,,,,,,,,,,,,,,
017_191_3,20202021,20210307,6R,IB,KG,화성,,,,3,,,,,,,,,,,,,,,,,,,,,,,
017_191_4,20202021,20210307,6R,IB,KG,화성,,,,4,,,,,,,,,,,,,,,,,,,,,,,
017_191_5,20202021,20210307,6R,IB,KG,화성,,,,5,,,,,,,,,,,,,,,,,,,,,,,
017_192_1,20202021,20210309,6R,HK,HD,인천,,,,1,,,,,,,,,,,,,,,,,,,,,,,
017_192_2,20202021,20210309,6R,HK,HD,인천,,,,2,,,,,,,,,,,,,,,,,,,,,,,
017_192_3,20202021,20210309,6R,HK,HD,인천,,,,3,,,,,,,,,,,,,,,,,,,,,,,
017_192_4,20202021,20210309,6R,HK,HD,인천,,,,4,,,,,,,,,,,,,,,,,,,,,,,
017_194_1,20202021,20210312,6R,GS,IB,서울,,,,1,,,,,,,,,,,,,,,,,,,,,,,
017_194_2,20202021,20210312,6R,GS,IB,서울,,,,2,,,,,,,,,,,,,,,,,,,,,,,
017_194_3,20202021,20210312,6R,GS,IB,서울,,,,3,,,,,,,,,,,,,,,,,,,,,,,
017_196_1,20202021,20210313,6R,KG,HK,대전,,,,1,,,,,,,,,,,,,,,,,,,,,,,
017_196_2,20202021,20210313,6R,KG,HK,대전,,,,2,,,,,,,,,,,,,,,,,,,,,,,
017_196_3,20202021,20210313,6R,KG,HK,대전,,,,3,,,,,,,,,,,,,,,,,,,,,,,
017_198_1,20202021,20210314,6R,HD,EX,수원,,,,1,,,,,,,,,,,,,,,,,,,,,,,
017_198_2,20202021,20210314,6R,HD,EX,수원,,,,2,,,,,,,,,,,,,,,,,,,,,,,
017_198_3,20202021,20210314,6R,HD,EX,수원,,,,3,,,,,,,,,,,,,,,,,,,,,,,
017_198_4,20202021,20210314,6R,HD,EX,수원,,,,4,,,,,,,,,,,,,,,,,,,,,,,
017_198_5,20202021,20210314,6R,HD,EX,수원,,,,5,,,,,,,,,,,,,,,,,,,,,,,
017_200_1,20202021,20210316,6R,KG,GS,대전,,,,1,,,,,,,,,,,,,,,,,,,,,,,
017_200_2,20202021,20210316,6R,KG,GS,대전,,,,2,,,,,,,,,,,,,,,,,,,,,,,
017_200_3,20202021,20210316,6R,KG,GS,대전,,,,3,,,,,,,,,,,,,,,,,,,,,,,
017_200_4,20202021,20210316,6R,KG,GS,대전,,,,4,,,,,,,,,,,,,,,,,,,,,,,
017_218_1,20202021,20210320,PO,HK,IB,인천,,,,1,,,,,,,,,,,,,,,,,,,,,,,
017_218_2,20202021,20210320,PO,HK,IB,인천,,,,2,,,,,,,,,,,,,,,,,,,,,,,
017_218_3,20202021,20210320,PO,HK,IB,인천,,,,3,,,,,,,,,,,,,,,,,,,,,,,
017_218_4,20202021,20210320,PO,HK,IB,인천,,,,4,,,,,,,,,,,,,,,,,,,,,,,
017_220_1,20202021,20210322,PO,IB,HK,화성,,,,1,,,,,,,,,,,,,,,,,,,,,,,
017_220_2,20202021,20210322,PO,IB,HK,화성,,,,2,,,,,,,,,,,,,,,,,,,,,,,
017_220_3,20202021,20210322,PO,IB,HK,화성,,,,3,,,,,,,,,,,,,,,,,,,,,,,
017_220_4,20202021,20210322,PO,IB,HK,화성,,,,4,,,,,,,,,,,,,,,,,,,,,,,
017_222_1,20202021,20210324,PO,HK,IB,인천,,,,1,,,,,,,,,,,,,,,,,,,,,,,
017_222_2,20202021,20210324,PO,HK,IB,인천,,,,2,,,,,,,,,,,,,,,,,,,,,,,
017_222_3,20202021,20210324,PO,HK,IB,인천,,,,3,,,,,,,,,,,,,,,,,,,,,,,
017_224_1,20202021,20210326,CS,GS,HK,서울,,,,1,,,,,,,,,,,,,,,,,,,,,,,
017_224_2,20202021,20210326,CS,GS,HK,서울,,,,2,,,,,,,,,,,,,,,,,,,,,,,
017_224_3,20202021,20210326,CS,GS,HK,서울,,,,3,,,,,,,,,,,,,,,,,,,,,,,
017_226_1,20202021,20210328,CS,GS,HK,서울,,,,1,,,,,,,,,,,,,,,,,,,,,,,
017_226_2,20202021,20210328,CS,GS,HK,서울,,,,2,,,,,,,,,,,,,,,,,,,,,,,
017_226_3,20202021,20210328,CS,GS,HK,서울,,,,3,,,,,,,,,,,,,,,,,,,,,,,
017_228_1,20202021,20210330,CS,HK,GS,인천,,,,1,,,,,,,,,,,,,,,,,,,,,,,
017_228_2,20202021,20210330,CS,HK,GS,인천,,,,2,,,,,,,,,,,,,,,,,,,,,,,
017_228_3,20202021,20210330,CS,HK,GS,인천,,,,3,,,,,,,,,,,,,,,,,,,,,,,
017_228_4,20202021,20210330,CS,HK,GS,인천,,,,4,,,,,,,,,,,,,,,,,,,,,,,
017_228_5,20202021,20210330,CS,HK,GS,인천,,,,5,,,,,,,,,,,,,,,,,,,,,,,
